Plan Name,Plan Code,Region,Coverage Amount,Coverage Period,Terms,SKU,Administrator,Underwriter,Support,Coverage Type,Coverage Cost Type,Coverage Type Amount,Channel
Camera Protection 100,,United States,USD 100.00,1,Terms and Conditions_Camera_Protection.pdf,,InstaProtek,InstaProtek,InstaProtek(CameraProtection),Camera Repair Guarantee,Deductible,USD 100.00,
Demo Plan 100,,United States,USD 100.00,1,2022-02-08T03_44_40.879Z.pdf,,After Inc.,InstaProtek,Instaprotek(Device_Guarantee),Screen Protection,Deductible,USD 100.00,
Device Protection 100,,United States,USD 100.00,1,Terms and Conditions_DeviceGuarantee.pdf,,InstaProtek,InstaProtek,Instaprotek(Device_Guarantee),Device Guarantee Excluding Screen Repair,Deductible,USD 100,
Enterprise Case + Screen Product Guarantee - 12 Months,,United States,USD 250.00,1,Terms&Conditions.pdf,CPPG025012MO,The Plateau Group Inc.,Ensure Protect,InstaProtek(Guarantee),Case & Screen Protector Guarantee,Repair Or Replacement,USD 250.00,Online
Enterprise Case + Screen Product Guarantee - 36 Months,,United States,USD 250.00,3,Terms&Conditions.pdf,,The Plateau Group Inc.,Ensure Protect,Instaprotek Enterprise,Case & Screen Protector Guarantee,Repair,USD 250.00,Online
Enterprise Case + Screen Protector Product Guarantee - 24 Months,,United States,USD 250.00,2,Terms & Conditions_PCSPPG.pdf,PTCPPG025024MOIK,The Plateau Group Inc.,Ensure Protect,Instaprotek Enterprise,Repair Or Replacement,Repair,USD 250.00,Online
Enterprise Case Guarantee and Extended Service Warranty - 48 Months,,United States,USD 0.00,4,Terms and Conditions_PCPG.pdf,ESC030048MO00IK,InstaProtek,Ensure Protect,Instaprotek Enterprise,Repair Or Replacement,Repair Or Replacement,USD 300.00,Online
Enterprise Case Product Guarantee - 12 Months,,United States,USD 250.00,1,Terms&Conditions.pdf,,The Plateau Group Inc.,Ensure Protect,Instaprotek Enterprise,Case Guarantee,Repair,USD 250.00,Online
Enterprise Case Product Guarantee - 24 Months,,United States,USD 250.00,2,Terms&Conditions.pdf,,The Plateau Group Inc.,Ensure Protect,Instaprotek Enterprise,Screen Protection Guarantee,Repair Or Replacement,USD 250.00,Online
Enterprise Case Product Guarantee - 36 Months,,United States,USD 300.00,3,Terms&Conditions.pdf,,InstaProtek,Ensure Protect,Instaprotek Enterprise,Repair Guarantee,Deductible,USD 300.00,Online
Enterprise Case Product Guarantee - 36 Months,,United States,USD 250.00,3,Terms&Conditions.pdf,,The Plateau Group Inc.,Ensure Protect,Instaprotek Enterprise,Screen Protection Guarantee,Repair Or Replacement,USD 250.00,Online
Enterprise Product Guarantee - 12 Months,,United States,USD 300.00,1,Enterprise_EDU Terms and Conditions.pdf,PG030012MO00IK,The Plateau Group Inc.,Ensure Protect,Instaprotek Enterprise,Repair Or Replacement,Repair Or Replacement,USD 300.00,Online
Enterprise Product Guarantee - 48 Months,,United States,USD 500.00,5,Terms and Conditions_PCPG.pdf,UZBL-EPG050048MOIK,InstaProtek,Ensure Protect,Instaprotek Enterprise,Repair Or Replacement,Deductible,USD 500.00,Online
Enterprise Product Guarantee - 48 Months,,United States,USD 250.00,4,PCPG.pdf,,The Plateau Group Inc.,Ensure Protect,Instaprotek Enterprise,Case Guarantee,Repair,USD 250.00,Online
Enterprise Product Guarantee - 48 Months,,United States,USD 300.00,4,Terms_and_Condition.pdf,,The Plateau Group Inc.,Ensure Protect,Instaprotek Enterprise,Camera Repair Guarantee,Repair,USD 300.00,Online
Enterprise Product Guarantee Case Glass Bundle - 24 Months,,United States,USD 500.00,2,Terms_and_Condition.pdf,,The Plateau Group Inc.,Ensure Protect,Instaprotek Enterprise,Case & Screen Protector Guarantee,Repair Or Replacement,USD 500.00,Online
Extended Service Contract,,United States,"USD 1,000.00",1,T&C_SMB.pdf,ESC100012MO00IK,The Plateau Group Inc.,Ensure Protect,Instaprotek Enterprise,Repair Or Replacement,Repair Or Replacement,"USD 1,000.00",Online
Extended Service Contract,,United States,USD 0.00,1,EDUCATION AND SMALL BUSINESS T&C.pdf,ESC030012MO00IK,InstaProtek,Ensure Protect,Instaprotek Enterprise,Repair Or Replacement,Repair Or Replacement,USD 0.00,Online
Extended Service Contract - 12 Months,,United States,USD 500.00,2,EDU_SMB_T&C.pdf,ESC050024MO00IK,InstaProtek,Ensure Protect,Instaprotek Enterprise,Repair Or Replacement,Deductible,USD 500.00,Online
Extended Service Contract - 24 Months,,United States,USD 0.00,2,Terms & Conditions_PCSPPG.pdf,ESC030024MO00IK,The Plateau Group Inc.,Ensure Protect,Instaprotek Enterprise,Product Replacement,Replacement,USD 300.00,Online
Extended Service Warranty,,United States,USD 500.00,2,SPPG.pdf,ESC050024MO00IK,The Plateau Group Inc.,Ensure Protect,Instaprotek Enterprise,Repair Or Replacement,Repair Or Replacement,USD 500.00,Online
Extended Service Warranty - 24 Months,,United States,USD 0.00,2,Terms&Conditions.pdf,,The Plateau Group Inc.,Ensure Protect,Instaprotek Enterprise,Product Replacement,Replacement,USD 0.00,Online
Extended Service Warranty - 36 Months,,United States,USD 0.00,3,Terms&Conditions.pdf,ESC070036MO00IK,InstaProtek,Ensure Protect,InstaProtek Canada,Repair Or Replacement,Deductible,USD 500.00,Online
Extended Service Warranty - 36 Months,,United States,USD 750.00,3,EDUCATION AND SMALL BUSINESS T&C.pdf.pdf,ESC075036MO00IK,The Plateau Group Inc.,Ensure Protect,Instaprotek Enterprise,Repair Or Replacement,Deductible,USD 750.00,Online
Glitter Cable - 14.99,,United States,USD 14.99,,InstaProtekTerms.pdf,A001499US,InstaProtek,InstaProtek,InstaProtek,Product Replacement,,USD 0.00,
Glitter Cable - 9.88,,United States,USD 9.88,,InstaProtekTerms.pdf,A000988US,Liquipel,InstaProtek,InstaProtek,Product Replacement,,USD 0.00,
Glitter Cable - 9.99,,United States,USD 9.99,,InstaProtekTerms.pdf,AS000999US,InstaProtek,InstaProtek,InstaProtek,Product Replacement,,USD 0.00,
Glitter Wireless Charger - 19.99,,United States,USD 19.99,,InstaProtekTerms.pdf,A001999US,InstaProtek,InstaProtek,InstaProtek,Product Replacement,,USD 0.00,
Glitter Wireless Charger - 9.88,,United States,USD 9.88,,InstaProtekTerms.pdf,A000988US,InstaProtek,InstaProtek,InstaProtek,Product Replacement,,USD 0.00,
Lifetime Product Replacement,,United States,USD 0.00,Lifetime,Terms_and_Condition.pdf,,InstaProtek,InstaProtek,InstaProtek (Warranty),Product Replacement,Deductible,USD 0.00,
Lifetime Warranty Replacement,,United States,USD 0.00,Lifetime,Terms and Conditions_ProductWarranty.pdf,,InstaProtek,InstaProtek,InstaProtek (Warranty),Product Replacement,Shipping & Handling,USD 0.00,
Lifetime Warranty Replacement,,United States,USD 0.00,Lifetime,Limited Lifetime Replacement.pdf,,InstaProtek,InstaProtek,InstaProtek (Warranty),Product Replacement,Shipping & Handling,USD 19.99,Online
Lifetime Warranty Replacement,,Puerto Rico,USD 0.00,Lifetime,Terms_and_Condition.pdf,,InstaProtek,InstaProtek,InstaProtek (Warranty),Product Replacement,Shipping & Handling,USD 18.99,
Mobilio,,United States,USD 0.00,,InstaProtekTerms.pdf,MO0000US,Liquipel,Mobilio,InstaProtek,Used Phone Protection,,USD 0.00,
Product Replacement,,United States,USD 0.00,,InstaProtekTerms.pdf,,InstaProtek,InstaProtek,InstaProtek,Product Replacement,,USD 0.00,
Screen + Camera Lens Repair Guarantee  & Lifetime Warranty Replacement,,United States,USD 200.00,Lifetime,LIMITED PRODUCT GUARANTEE.pdf,,InstaProtek,InstaProtek,InstaProtek(Guarantee),Repair Or Replacement,Deductible,USD 200.00,Retail
Screen Protection $0,,United States,USD 0.00,1,Terms and Conditions_ScreenProtection.pdf,,InstaProtek,STARR Companies,InstaProtek(Guarantee),Screen Protection,Deductible,USD 0.00,
Screen Protection (Canada) 100,,Canada,CAD 100.00,1,Terms and Conditions_ScreenProtection.pdf,A0100CANCAD,InstaProtek,InstaProtek,InstaProtek Canada,Screen Protection,Deductible,CAD 100,
Screen Protection 100,,United States,USD 100.00,1,Terms and Conditions_ScreenProtection.pdf,A100US,After Inc.,STARR Companies,InstaProtek,Screen Protection Guarantee,Deductible,USD 100,
Screen Protection 125,,United States,USD 125.00,1,Terms and Conditions_ScreenProtection.pdf,A125US,After Inc.,STARR Companies,InstaProtek,Screen Protection Guarantee,Deductible,USD 125,
Screen Protection 125 CAD,,Canada,CAD 125.00,,InstaProtekTerms.pdf,A125CAD,After Inc.,STARR Companies,InstaProtek (Canada),Screen Protection,,CAD 0.00,
Screen Protection 150,,United States,USD 150.00,1,Terms and Conditions_ScreenProtection.pdf,A150US,After Inc.,STARR Companies,InstaProtek,Screen Protection Guarantee,Deductible,USD 150,
Screen Protection 200,,United States,USD 200.00,1,Terms and Conditions_ScreenProtection.pdf,A200US,After Inc.,STARR Companies,InstaProtek(Guarantee),Screen Protection Guarantee,Deductible,USD 200,
Screen Protection 200 CAD,,Canada,CAD 200.00,1,Terms and Conditions_ScreenProtection.pdf,Z200CAD,InstaProtek,InstaProtek,InstaProtek (Canada),Screen Protection,Deductible,CAD 200,
Screen Protection 250,,United States,USD 250.00,1,Terms and Conditions_ScreenProtection.pdf,A250US,After Inc.,STARR Companies,InstaProtek,Screen Protection Guarantee,Deductible,USD 250,
Screen Protection 300,,United States,USD 300.00,1,Terms and Conditions_ScreenProtection.pdf,A300US,After Inc.,InstaProtek,InstaProtek,Screen Protection Guarantee,Deductible,USD 300,
Screen Protection 300 CAD,,Canada,CAD 0.00,1,Terms and Conditions_ScreenProtection.pdf,CAD300,After Inc.,STARR Companies,InstaProtek Canada,Screen Protection,Deductible,CAD 300,
Screen Protection 300 CAD,,Canada,CAD 300.00,1,Terms.pdf,A300CAD,After Inc.,STARR Companies,InstaProtek (Canada),Screen Protection,Deductible,CAD 300,
Screen Protection 50,,United States,USD 50.00,1,Terms and Conditions_ScreenProtection.pdf,A0050US,InstaProtek,InstaProtek,InstaProtek,Screen Protection Guarantee,Deductible,USD 50,
Screen Protection and Lifetime Product Replacement,,United States,USD 200.00,1,Terms_and_Conditions.pdf,,InstaProtek,InstaProtek,InstaProtek_Guarantee(30 days),Screen Protection,Deductible,USD 200.00,
Screen Protection and Lifetime Product Replacement,,United States,USD 100.00,1,Terms & Condition.pdf,,InstaProtek,InstaProtek,InstaProtek_Guarantee(30 days),Screen Protection,Deductible,USD 100.00,Online
TEST PLAN,,United States,USD 1.00,1,1715725468070.pdf,,After Inc.,InstaProtek,InstaProtek(Guarantee),Screen Protection,Deductible,USD 0.00,Call Center
Test Product Replacement,,United States,USD 0.00,1,terms and condition (2).pdf,,InstaProtek,InstaProtek,InstaProtek(Guarantee),Product Replacement,Shipping & Handling,USD 0.00,Call Center